rotated_domain,domain,class,fold,superfamily,family
Matt_A,d1a70a_,d,d.15,d.15.4,d.15.4.1
Matt_B,d1czpa_,d,d.15,d.15.4,d.15.4.1
Matt_D,d1e9ma_,d,d.15,d.15.4,d.15.4.1
Matt_F,d1frda_,d,d.15,d.15.4,d.15.4.1
Matt_G,d1frra_,d,d.15,d.15.4,d.15.4.1
Matt_H,d1fxia_,d,d.15,d.15.4,d.15.4.1
Matt_I,d1i7ha_,d,d.15,d.15.4,d.15.4.1
Matt_J,d1iuea_,d,d.15,d.15.4,d.15.4.1
Matt_R,d1pfda_,d,d.15,d.15.4,d.15.4.1
Matt_~,d1xlqa1,d,d.15,d.15.4,d.15.4.1
matt_number,d2bt6a1,d,d.15,d.15.4,d.15.4.1
Matt_+,d4fxca_,d,d.15,d.15.4,d.15.4.1
Matt_K,d1jq4a_,d,d.15,d.15.4,d.15.4.2
Matt_L,d1jroa2,d,d.15,d.15.4,d.15.4.2
Matt_N,d1kf6b2,d,d.15,d.15.4,d.15.4.2
Matt_O,d1krha3,d,d.15,d.15.4,d.15.4.2
Matt_Q,d1nekb2,d,d.15,d.15.4,d.15.4.2
Matt_T,d1rm6c2,d,d.15,d.15.4,d.15.4.2
Matt_U,d1t3qa2,d,d.15,d.15.4,d.15.4.2
Matt_1,d1v97a2,d,d.15,d.15.4,d.15.4.2
Matt_2,d1vlba2,d,d.15,d.15.4,d.15.4.2
Matt_@,d2bs2b2,d,d.15,d.15.4,d.15.4.2
Matt_(,d2fug33,d,d.15,d.15.4,d.15.4.2
Matt_-,d3c8ya2,d,d.15,d.15.4,d.15.4.2
Matt_V,d1ud7a_,d,d.15,d.15.1,d.15.1.1
Matt_W,d1uela_,d,d.15,d.15.1,d.15.1.1
Matt_X,d1v2ya_,d,d.15,d.15.1,d.15.1.1
Matt_Y,d1v5ta_,d,d.15,d.15.1,d.15.1.1
Matt_Z,d1v86a_,d,d.15,d.15.1,d.15.1.1
Matt_3,d1we6a_,d,d.15,d.15.1,d.15.1.1
Matt_4,d1wf9a1,d,d.15,d.15.1,d.15.1.1
Matt_6,d1wgga_,d,d.15,d.15.1,d.15.1.1
Matt_9,d1wjua_,d,d.15,d.15.1,d.15.1.1
Matt_0,d1wxva1,d,d.15,d.15.1,d.15.1.1
Matt_!,d1z2ma1,d,d.15,d.15.1,d.15.1.1
Matt_$,d2bwfa1,d,d.15,d.15.1,d.15.1.1
Matt_C,d1e7ua3,d,d.15,d.15.1,d.15.1.5
Matt_E,d1ef5a_,d,d.15,d.15.1,d.15.1.5
Matt_M,d1k8rb_,d,d.15,d.15.1,d.15.1.5
Matt_P,d1lfda_,d,d.15,d.15.1,d.15.1.5
Matt_S,d1rlfa_,d,d.15,d.15.1,d.15.1.5
Matt_5,d1wfya_,d,d.15,d.15.1,d.15.1.5
Matt_7,d1wgra_,d,d.15,d.15.1,d.15.1.5
Matt_8,d1wgya_,d,d.15,d.15.1,d.15.1.5
matt_percent,d2byfa1,d,d.15,d.15.1,d.15.1.5
Matt_^,d2c5lc1,d,d.15,d.15.1,d.15.1.5
Matt_&,d2cs4a1,d,d.15,d.15.1,d.15.1.5
Matt_),d2rgfa_,d,d.15,d.15.1,d.15.1.5
